-- 강의실 테이블 데이터 입력
INSERT INTO CLASSROOM_REGISTER 
            (CLASSROOM_CODE, CLASSROOM_NAME, CLASSROOM_CAPACITY)
     VALUES (123, 'A강의실', 30);


INSERT INTO CLASSROOM_REGISTER 
            (CLASSROOM_CODE, CLASSROOM_NAME, CLASSROOM_CAPACITY)
     VALUES (124, 'B강의실', 30);
     
INSERT INTO CLASSROOM_REGISTER 
            (CLASSROOM_CODE, CLASSROOM_NAME, CLASSROOM_CAPACITY)
     VALUES (125, 'C강의실', 25);
     
     
-- 과정 테이블 데이터 입력
INSERT INTO COURSE
           (COURSE_CODE, COURSE_NAME)
    VALUES (1, 'JAVA');
    
INSERT INTO COURSE
           (COURSE_CODE, COURSE_NAME)
    VALUES (2, 'HTML');
    
INSERT INTO COURSE
           (COURSE_CODE, COURSE_NAME)
    VALUES (3, 'CSS');
    
INSERT INTO COURSE
           (COURSE_CODE, COURSE_NAME)
    VALUES (4, 'SQL');
    
-- 교수 테이블 데이터 입력
INSERT INTO TEACHER_REGISTER(TEACHER_CODE , PASSWORD , NAME, SSN, REGISTER_DATE)
    VALUES('A123', '2111111', '김교수','9905192111111',SYSDATE );
INSERT INTO TEACHER_REGISTER(TEACHER_CODE , PASSWORD , NAME, SSN, REGISTER_DATE)
    VALUES('B123', '3111111', '박교수','8903183111111', '2000-01-02');
INSERT INTO TEACHER_REGISTER(TEACHER_CODE , PASSWORD , NAME, SSN, REGISTER_DATE)
    VALUES('C123', '4111111', '이교수','9002174111111', '2005-08-01' );
INSERT INTO TEACHER_REGISTER(TEACHER_CODE , PASSWORD , NAME, SSN, REGISTER_DATE)
    VALUES('D123', '1111111', '이교수','9505191111111','2010-07-15');
INSERT INTO TEACHER_REGISTER(TEACHER_CODE , PASSWORD , NAME, SSN, REGISTER_DATE)
    VALUES('E123', '2211111', '김교수','8005192211111','2002-02-22');
INSERT INTO TEACHER_REGISTER(TEACHER_CODE , PASSWORD , NAME, SSN, REGISTER_DATE)
    VALUES('F123', '3211111', '임교수','8905193211111',SYSDATE);
INSERT INTO TEACHER_REGISTER(TEACHER_CODE , PASSWORD , NAME, SSN, REGISTER_DATE)
    VALUES('G123', '1211111', '박교수','7905011211111',SYSDATE);
    
INSERT INTO TEACHER_REGISTER(TEACHER_CODE , PASSWORD , NAME, SSN, REGISTER_DATE)
    VALUES('-1', '-1', '삭제된교수','-1','1-01-01');
    
SELECT *
  FROM TEACHER_REGISTER;

INSERT INTO COURSE_OPEN
           (OP_COURSE_CODE, COURSE_CODE, TEACHER_CODE, CLASSROOM_CODE, START_DATE, END_DATE, OPEN_DATE)
    VALUES ('JAVA01', 1, 'B123', 124, '2022-03-01', '2022-03-17', '2022-02-20');
INSERT INTO COURSE_OPEN
           (OP_COURSE_CODE, COURSE_CODE, TEACHER_CODE, CLASSROOM_CODE, START_DATE, END_DATE, OPEN_DATE)
    VALUES ('JAVA02', 1, 'B123', 124, '2021-03-01', '2021-03-17', '2021-02-20');
INSERT INTO COURSE_OPEN
           (OP_COURSE_CODE, COURSE_CODE, TEACHER_CODE, CLASSROOM_CODE
           , START_DATE, END_DATE, OPEN_DATE)
    VALUES ('HTML01', 2, 'A123', 125, '2021-03-01', '2021-03-17', '2021-02-20');
INSERT INTO COURSE_OPEN
           (OP_COURSE_CODE, COURSE_CODE, TEACHER_CODE, CLASSROOM_CODE
           , START_DATE, END_DATE, OPEN_DATE)
    VALUES ('HTML02', 2, 'A123', 125, '2021-03-01', '2022-03-17', '2021-02-20');

INSERT INTO COURSE_OPEN
           (OP_COURSE_CODE, COURSE_CODE, TEACHER_CODE, CLASSROOM_CODE
           , START_DATE, END_DATE, OPEN_DATE)
    VALUES ('CSS01', 3, 'G123', 123, '2022-03-01', '2022-03-15', '2022-02-20');   
INSERT INTO COURSE_OPEN
           (OP_COURSE_CODE, COURSE_CODE, TEACHER_CODE, CLASSROOM_CODE
           , START_DATE, END_DATE, OPEN_DATE)
    VALUES ('CSS02', 3, 'G123', 123, '2022-03-01', '2022-04-15', '2022-02-20');

UPDATE COURSE_OPEN
SET END_DATE = '2022-03-10'
WHERE  START_DATE = '2022-03-01';
-------------TEST---
EXEC PRC_OP_COU_TC_DELETE('HTML02');


EXEC PRC_OP_COU_TEA_EDIT('CSS02', 'A123');

EXEC PRC_OP_COU_TC_DELETE('CSS01');

DELETE
  FROM COURSE_OPEN;
DELETE
  FROM CLASSROOM_REGISTER;

DELETE
  FROM TEACHER_REGISTER;
  
 DELETE
  FROM COURSE;
  
SELECT SYSDATE - TO_DATE('2020-03-17')
  FROM DUAL;

SELECT TO_DATE('2020-03-17') - SYSDATE
  FROM DUAL;


COMMIT;


